name,owner,address,phone,product_id
Friesen and Sons,Genia Krelle,60 Glacier Hill Lane,273-233-3748,29
Glover and Sons,Twila Guarnier,05520 Graceland Circle,605-113-3713,5
"Wuckert, Kovacek and Kshlerin",Quintina Chin,12757 Packers Court,414-415-6731,26
Donnelly LLC,Roxie Mc Carroll,3771 7th Street,254-629-9340,7
Lakin-Buckridge,Imogene Meconi,7085 Granby Place,186-910-5792,14
"Ruecker, Murphy and Hermiston",Cherrita Gough,30 Superior Court,468-986-6644,17
"Zulauf, McKenzie and Turcotte",Yevette Steutly,27903 7th Point,282-200-0468,13
"Russel, Robel and Batz",Federico Fidgett,1 Mallard Crossing,783-786-5541,5
Kuhic Group,Barri Tommasuzzi,16 Clyde Gallagher Lane,105-118-5216,3
"Zieme, Powlowski and Stiedemann",Tani Duignan,64349 Susan Drive,812-406-7290,29
Mertz and Sons,Davidson Olkowicz,48682 Dexter Center,961-341-8751,9
"O'Reilly, West and Yundt",Annmaria Cassella,8943 Ridge Oak Street,179-893-6887,27
"Wuckert, Purdy and Pfeffer",Cleon Swanne,829 Larry Trail,682-470-3646,26
"Lebsack, Sauer and Gusikowski",Elias Laver,7013 Stang Way,804-850-4129,9
Ryan Group,Blaire Blinerman,3 Anzinger Alley,244-290-2348,7
Boyle-Krajcik,Georgiana Battabee,6445 Grover Plaza,819-647-4130,15
"Wyman, Paucek and Spencer",Rayna Kynston,3377 Oneill Crossing,767-871-2804,20
Bernier Inc,Dietrich Pybworth,9306 Anderson Plaza,543-374-0082,6
Thompson and Sons,Murray Piens,87643 Waubesa Park,330-600-7438,22
"Beer, Morar and Luettgen",Say Studdert,89 Fremont Avenue,403-709-7377,10
Cummerata Inc,Sherwood Andres,2 Oak Valley Road,430-912-0650,10
Donnelly Inc,Raynell Petrolli,67024 Crownhardt Alley,570-809-1242,8
"Towne, Kozey and Beier",Astrid Glanvill,139 Clove Hill,906-557-6768,19
Strosin LLC,Vanda Dukes,0 Kennedy Circle,929-683-8500,23
Armstrong-Stoltenberg,Margery Noe,7877 Holmberg Road,990-111-7881,17
Mohr-Jacobs,Falito Cribbin,67 Bunting Trail,841-785-3945,18
"Gutmann, Auer and Huels",Moyna Aronstein,3318 Sauthoff Park,164-503-9529,13
Altenwerth-Satterfield,Calla Gabbotts,2 Fulton Junction,457-536-2290,6
"Olson, Reilly and Schuppe",Purcell Julyan,831 Hazelcrest Park,318-924-2891,12
"Kshlerin, Gleason and Shields",Stan Cornuau,793 Namekagon Street,168-111-9785,11
