name,gender,phone,email,address
Gregorio Fourcade,Male,183-691-5235,gfourcade0@upenn.edu,5792 Hollow Ridge Alley
Earle Dosdell,Male,389-902-6091,edosdell1@addtoany.com,636 Sommers Avenue
Elvera Naughton,Female,613-846-4607,enaughton2@auda.org.au,7 Hayes Avenue
Malynda Ingerman,Female,133-309-7405,mingerman3@amazon.co.jp,5 Oneill Plaza
Hilde Grimsey,Female,262-782-0332,hgrimsey4@yahoo.com,2243 Dayton Circle
Perry Rudyard,Male,235-539-2853,prudyard5@cam.ac.uk,74 Morrow Way
Dilan Woolmore,Male,874-618-6003,dwoolmore6@myspace.com,222 Gulseth Junction
Devonne Menendes,Female,660-694-0792,dmenendes7@furl.net,162 Di Loreto Pass
Lothaire Ganderton,Male,825-969-5959,lganderton8@photobucket.com,69323 Redwing Junction
Tobie Feldman,Male,350-891-6094,tfeldman9@nbcnews.com,3 Arrowood Avenue
Pavlov Polden,Male,659-473-7552,ppoldena@cdc.gov,33 Arkansas Court
Arin Rilton,Male,779-845-3039,ariltonb@multiply.com,127 Dwight Street
Bob Johnigan,Male,461-101-7744,bjohniganc@imageshack.us,22 Rowland Center
Cyndi Gulliman,Female,561-327-4363,cgullimand@dropbox.com,7 Chinook Alley
Nigel Blaszczyk,Male,451-579-3539,nblaszczyke@hibu.com,28 Springs Circle
Del Saundercock,Female,337-232-5557,dsaundercockf@fema.gov,26 Messerschmidt Park
Fan Batram,Female,568-534-5550,fbatramg@google.nl,910 Quincy Avenue
Georgette Blonfield,Female,288-554-7749,gblonfieldh@acquirethisname.com,91083 Granby Center
Sapphira Carnduff,Female,376-801-0479,scarnduffi@jigsy.com,4 Orin Point
Hilary Del Dello,Male,915-902-5632,hdelj@thetimes.co.uk,05237 Sunbrook Hill
Lauritz Pauly,Male,314-585-9683,lpaulyk@wix.com,5534 Thierer Crossing
Stormy Bramhall,Female,875-337-8498,sbramhalll@dedecms.com,71092 Oak Place
Bald Clemo,Male,491-912-8088,bclemom@home.pl,970 Moose Plaza
Cher Deeble,Female,879-542-7760,cdeeblen@rediff.com,928 Rutledge Lane
Wakefield Camellini,Male,553-791-7538,wcamellinio@sakura.ne.jp,93042 Morrow Hill
Ynez Tizard,Female,243-932-9790,ytizardp@amazon.com,389 Warrior Court
Trev Rengger,Male,933-858-5704,trenggerq@hao123.com,49149 Cherokee Park
Adria Simenot,Female,973-911-8908,asimenotr@quantcast.com,52695 Sachs Trail
Zack Butlin,Male,173-146-2312,zbutlins@admin.ch,915 East Trail
Coletta Browett,Female,768-927-9882,cbrowettt@google.cn,1 Anhalt Street
